0,0,0,-2.748395494,113.1264534,0.008812019,27.3664336,0.428276618,12.62055461,0
0,0.02244389,0,16.09008831,42.48306206,0.013293235,18.32543019,0.514015891,13.16039907,0
0,0.049875312,0,5.96306436,14.44936714,0.005292807,15.03883824,0.596379502,12.87955321,0
0,0.032418953,0,5.479951853,72.53678093,0.017120847,22.4704572,0.589466269,13.86887324,0
0,0.029925187,0,9.649959449,98.50583442,0.009991873,21.47085832,0.482944145,12.89256771,0
0,0.032418953,0,10.19402722,116.1179544,0.008802109,20.66581597,0.49495012,12.28272222,0
0,0.024937656,0,17.00394611,104.2414661,0.007576974,44.11432993,0.444842723,10.94591097,0
0,0.019950125,0,3.586833643,189.6886014,0.010562386,114.5826921,0.421462276,10.89489128,0
0,0.032418953,0,7.338422893,178.9376134,0.008805251,138.5355244,0.477688262,11.33897915,0
0,0.039900249,0,15.06907404,41.04457425,0.01232376,15.93011876,0.560006662,13.0843628,0
0,0.017456359,0,3.576862654,128.4868176,0.010104915,60.14467714,0.430702632,11.31026159,0
0,0.012468828,0,4.205871924,84.47263481,0.010584848,16.26054228,0.458285537,12.53743819,0
0,0.037406484,0,12.34642256,103.9711074,0.006757955,16.81928483,0.50438896,11.90922295,0
0,0,0,-1.055515264,76.05131936,0.013022837,20.54009506,0.464433448,12.91943274,0
0,0.034912718,0,12.37307672,107.7157821,0.012541399,50.01689243,0.488117381,12.59857435,0
0,0,0,-3.580997992,102.6548551,0.014756052,40.91195832,0.393392646,12.83468923,0
0,0.024937656,0,1.818455377,159.9079278,0.012095939,77.83627064,0.453596556,11.63710676,0
0,0.032418953,0,10.75391372,17.37973244,0.00660082,14.65727205,0.503904772,11.99754157,0
0,0.032418953,0,12.23652122,23.48061533,0.005313379,15.653431,0.494459134,11.68271286,0
0,0.034912718,0,16.42813739,89.54363619,0.004025027,27.2545984,0.461344523,11.21275414,0
0,0.019950125,0,6.024196682,199.6154305,0.009619589,96.9025653,0.449456866,12.15721739,0
0,0.027431421,0,16.01459878,72.48963536,0.01229831,20.01774182,0.506397481,12.75494673,0
0,0.032418953,0,9.009017906,154.2926466,0.005954005,47.24693981,0.487645335,11.33094906,0
0,0.02244389,0,2.025954162,113.9287162,0.009394041,18.53869063,0.465843674,12.69236642,0
0,0.034912718,0,14.95336069,135.8990817,0.012832975,58.8484485,0.483060359,12.21733039,0
0,0,0,-8.085243422,36.54658572,0.013466486,16.17440922,0.468374463,13.40829341,0
0,0.032418953,0,8.490402668,95.28180267,0.009650525,18.92569627,0.49420757,11.8200948,0
0,0,0,-2.510532319,194.7801317,0.009400428,92.08783254,0.401518331,11.96649257,0
0,0,0,-4.355818884,166.8379835,0.014750133,84.30088274,0.349052655,12.69205781,0
0,0.047381546,0,3.872151521,85.05948857,0.014033868,19.39396887,0.640259088,13.58591229,0
0,0.029925187,0,2.618278618,91.91515101,0.016659542,34.88809691,0.573272527,13.31204545,0
0,0.027431421,0,18.35988485,124.3789195,0.008112451,86.38331846,0.436284536,11.43374192,0
0,0.024937656,0,17.32108576,182.6312813,0.008064175,118.4748134,0.420239238,10.61345554,0
0,0.032418953,0,7.756249186,114.9491534,0.008570395,55.78203513,0.483925305,11.2913441,0
0,0.012468828,0,3.075393782,142.9356015,0.01281095,66.45069612,0.429454286,11.74237667,0
0,0.009975062,0,3.609843605,150.7100563,0.012183923,63.81352238,0.428976904,11.6162729,0
0,0.019950125,0,10.99338545,176.1444326,0.011119794,111.2014756,0.421172886,11.31568983,0
0,0.042394015,0,7.953097151,8.816260203,0.005990205,15.32570775,0.554385328,12.89121651,0
0,0,0,-3.474585029,88.56264953,0.015378718,34.06503851,0.487599564,12.88806136,0
0,0,0,-6.294042214,147.8403758,0.014290105,57.39467218,0.433879297,12.59282731,0
0,0.012468828,0,1.569282073,132.9930744,0.009983214,42.25902398,0.469329004,11.54429301,0
0,0,0,-0.399211857,108.8684795,0.009571927,19.33145869,0.407435117,11.85605295,0
0,0.024937656,0,14.38414202,137.1603538,0.006843701,72.39120299,0.42403371,11.21464652,0
0,0.034912718,0,13.91282007,144.3904386,0.009440535,39.13832931,0.488639584,11.71576774,0
0,0.032418953,0,15.18577115,79.94777467,0.00764255,19.8272918,0.468864558,12.11809391,0
0,0.007481297,0,7.9214783,209.6960372,0.010203746,138.509161,0.382509858,11.23192486,0
0,0.012468828,0,3.407507856,193.1542591,0.01315499,91.05451329,0.421214256,11.60914832,0
0,0.024937656,0,13.69930156,116.3593178,0.011804818,22.96242739,0.484169711,12.45894538,0
0,0.024937656,0,19.10404913,127.4154072,0.006691107,47.75089477,0.444893787,10.88698249,0
0,0,0,-1.328641373,215.6555004,0.011530331,174.1508088,0.388650285,11.82657186,0
0,0,0,4.595968149,179.3141014,0.013676994,80.69272155,0.342662433,13.12508156,0
0,0.037406484,0,4.25887348,37.77731121,0.012191215,16.25815757,0.637349682,12.96807144,0
0,0.027431421,0,8.44761839,93.70307452,0.012609864,31.42987991,0.527981745,12.82273723,0
0,0,0,-3.942866207,159.9384008,0.011196671,61.3187082,0.424603804,12.09336888,0
0,0.012468828,0,-0.621497142,66.22202681,0.012721334,21.37063929,0.476951016,12.72161907,0
0,0.037406484,0,9.866437232,70.30719913,0.012737468,16.13622497,0.594806373,13.36487718,0
0,0.037406484,0,9.346221692,169.4754649,0.005824582,48.23287964,0.529006593,12.11634922,0
0,0.039900249,0,5.678180551,112.7046997,0.01161973,17.12976712,0.569568905,12.49394713,0
0,0,0,2.480150915,130.7150329,0.00800018,63.50039441,0.369715081,12.12432156,0
0,0.02244389,0,24.16395381,202.267891,0.00777009,134.5931666,0.410153128,10.78292317,0
0,0.02244389,0,4.460703241,14.80713851,0.005713529,15.65248771,0.446686795,12.2555046,0
0,0.014962594,0,2.575055313,52.27907727,0.009203783,18.66412057,0.456978761,12.60504732,0
0,0.027431421,0,-2.760259256,56.81114951,0.009986491,18.0523483,0.571284867,12.72097877,0
0,0.037406484,0,2.819928645,56.98373004,0.007834923,16.17423471,0.541067642,12.77803118,0
0,0.042394015,0,1.229707939,17.4899413,0.001613849,16.62917555,0.562371433,12.61983103,0
0,0,0,13.18239397,225.4093987,0.011224546,169.3009258,0.322140189,11.70451821,0
0,0.017456359,0,6.099531253,183.4736804,0.011439136,101.0434794,0.4655708,11.69264378,0
0,0.037406484,0,5.798308564,46.16256922,0.010074764,16.99588168,0.543891933,13.2810503,0
0,0.044887781,0,6.853776469,5.206111862,0.004181572,16.25124888,0.576277923,12.59223875,0
0,0.024937656,0,31.71128709,84.5060786,0.005254565,18.1268954,0.401956775,11.02848406,0
0,0.017456359,0,3.81498431,60.95586591,0.010644018,19.35403656,0.442681332,12.67544923,0
0,0.027431421,0,12.65762392,136.5330457,0.008171753,60.4716832,0.451042191,11.45596015,0
0,0.014962594,0,16.18001609,222.0011681,0.011996769,201.9578349,0.402132371,10.89698089,0
0,0.014962594,0,9.224007291,111.4530448,0.014518635,39.99108713,0.496731476,12.215581,0
0,0.029925187,0,0.652807075,102.9479103,0.015919076,44.07032713,0.538852993,12.56354966,0
0,0.007481297,0,8.260940279,47.01515075,0.011656879,16.65596061,0.471258898,13.88177681,0
0,0.019950125,0,20.38242737,222.7192601,0.005276346,170.3865576,0.388461983,10.91844064,0
0,0.037406484,0,13.19268362,37.3148501,0.009702245,18.47938853,0.534784787,12.95004293,0
0,0.019950125,0,4.207108126,208.2926182,0.010155767,105.3824484,0.430649134,10.94322566,0
0,0,0,-5.963713094,108.3588833,0.01247353,39.83384846,0.432773966,13.48375072,0
0,0.029925187,0,4.42657437,45.33985276,0.012624994,17.06683825,0.514342683,13.22422696,0
0,0.039900249,0,1.42650688,118.6205483,0.006406408,33.87523453,0.571657662,12.41080711,0
0,0.02244389,0,14.72544329,168.866627,0.01108959,134.0451109,0.441417497,11.42072151,0
0,0.014962594,0,11.80291174,111.3257297,0.013005008,42.00476922,0.448338057,12.89135264,0
0,0.017456359,0,-1.346272125,39.03239228,0.01290559,16.97134188,0.514617706,13.30947376,0
0,0.044887781,0,8.350236015,16.06243245,0.009349714,15.81300366,0.602125766,13.19999257,0
0,0.032418953,0,11.626805,11.47642964,0.007706865,14.80573751,0.519539733,12.43332829,0
0,0.007481297,0,11.63335692,195.8218221,0.010109593,188.6419781,0.359791831,10.83860071,0
0,0.007481297,0,6.322923684,169.5928769,0.014027769,72.84123695,0.431681791,11.62715072,0
0,0.014962594,0,7.593209132,108.5790929,0.015763168,50.23628062,0.48721422,12.12564666,0
0,0,0,0.022034572,175.3202231,0.01424438,104.0019155,0.323875942,12.49498878,0
0,0.004987531,0,-3.799371786,49.40363575,0.010697381,16.1072132,0.467005933,12.67499641,0
0,0.034912718,0,14.14124577,66.3540629,0.005755004,17.73823602,0.478947818,11.57624723,0
0,0.034912718,0,9.116580219,18.54284332,0.004887371,15.70047573,0.530616862,12.24357728,0
0,0.027431421,0,8.043180689,180.1428555,0.007431019,97.83982564,0.458798578,11.42403423,0
0,0.027431421,0,15.58371072,80.16394209,0.009945636,16.23354857,0.470804851,11.5964569,0
0,0.019950125,0,10.20657057,157.4095594,0.011198037,79.861276,0.420834018,11.00409316,0
0,0.029925187,0,6.184592311,87.06125272,0.012561896,15.33907514,0.519586442,12.16700955,0
0,0.034912718,0,3.772688001,42.05285447,0.010487279,16.03414189,0.521766279,13.09206178,0
0,0.019950125,0,3.910626658,151.1050196,0.011088228,58.42820123,0.472497943,11.44056843,0
0,0.493765586,0,19.14913306,86.60575971,0.012265775,139.7770383,0.416895268,10.27137839,1
0,0.473815461,0,17.99259608,75.72079583,0.016121526,129.728801,0.444652503,10.33723271,1
0,0.563591022,0,19.50346408,86.3919932,0.025673721,145.5325029,0.564645906,10.53813943,1
0,0.488778055,0,17.88888668,74.83417439,0.013229936,125.6405729,0.41562353,10.28048351,1
0,0.381546135,0,25.34235224,143.3424807,0.009667759,213.897767,0.386895643,10.19214812,1
0,0.596009975,0,25.90747036,148.6079809,0.009553417,217.2711782,0.379357411,10.19661134,1
0,0.44638404,0,20.74036919,101.9121406,0.010865296,159.3096898,0.400334972,10.23412322,1
0,0.551122195,0.049875312,20.15149563,90.69623012,0.030655085,150.697976,0.652153554,10.65440382,1
0,0.546134663,0,30.53305448,199.2725709,0.008822825,283.9292042,0.38002129,10.17691033,1
0,0.608478803,0,18.92439325,86.95614555,0.011639051,132.2301099,0.418634666,10.28485608,1
0,0.501246883,0,21.30502165,104.6335469,0.011524532,163.192756,0.406101756,10.24131891,1
0,0.526184539,0,17.75213993,73.65828112,0.014505721,122.8018378,0.428086846,10.31113405,1
0,0.418952618,0,20.90372258,103.2029775,0.012997819,166.2646219,0.434230414,10.27667602,1
0,0.503740648,0,18.5479896,80.86280304,0.012071197,132.2240169,0.403221515,10.25713435,1
0,0.53117207,0,27.14849261,164.0022786,0.009245434,242.6281968,0.380608581,10.19374634,1
0,0.518703242,0,17.97566952,75.66610177,0.016092499,126.3122775,0.443708974,10.34160918,1
0,0.496259352,0,26.41931131,153.9324773,0.009453024,227.4159313,0.381699696,10.1886253,1
0,0.53117207,0,19.65933915,89.94112662,0.022712047,150.1297113,0.538105472,10.48109859,1
0,0.605985037,0,19.76327143,89.28648065,0.025070357,143.096655,0.60590443,10.57850365,1
0,0.668329177,0,21.57878828,112.8857204,0.021387952,178.6486858,0.557819883,10.51335239,1
0,0.46882793,0,18.04705179,77.21391697,0.013417403,117.1719937,0.451128104,10.31869311,1
0,0.511221945,0,32.16705801,213.5615173,0.00869075,302.3920617,0.378621012,10.16395571,1
0,0.473815461,0,22.17568185,118.6363338,0.010386642,174.2584672,0.407945042,10.23547213,1
0,0.598503741,0,17.80601766,73.45386543,0.016602877,122.3158755,0.463474338,10.37050364,1
0,0.493765586,0,19.09648843,79.46297365,0.021204712,136.3553491,0.495418758,10.42585332,1
0,0.376558603,0,24.04691847,132.9713397,0.009821123,202.4666585,0.390292158,10.20294339,1
0,0.630922693,0,19.36615543,85.43889999,0.024960739,142.9018244,0.5571558,10.55435612,1
0,0.44638404,0,24.14843182,140.7586955,0.019487788,226.4936387,0.522035358,10.39071089,1
0,0.556109726,0,20.47015528,101.2063389,0.019524928,156.7405071,0.540671426,10.45633294,1
0,0.518703242,0,25.1510164,156.8830082,0.009378833,218.1357704,0.401887749,10.22404193,1
0,0.523690773,0,20.76058392,127.2950699,0.009906518,147.4348303,0.595445229,10.36075343,1
0,0.563591022,0,20.14077655,98.12509842,0.017101045,157.808929,0.477400711,10.37991351,1
0,0.46882793,0,22.93166239,131.8165762,0.018871903,193.0100481,0.607302482,10.46502303,1
0,0.443890274,0,22.39836971,125.1545146,0.017615212,191.8741144,0.571999516,10.42176257,1
0,0.593516209,0,18.10065547,76.74295827,0.012235241,125.106797,0.393852063,10.26173022,1
0,0.36159601,0,31.34074229,210.6890353,0.008712988,295.0755244,0.38579202,10.17203875,1
0,0.349127182,0,27.22037311,162.2460028,0.009007843,223.9480684,0.386673624,10.16198617,1
0,0.583541147,0,22.09741747,112.7538732,0.010268804,176.092519,0.382471032,10.20960506,1
0,0.57605985,0,24.34823491,135.4692486,0.009854298,197.7585477,0.383434877,10.21095976,1
0,0.441396509,0,19.92267056,93.29120211,0.011603187,148.4776081,0.401869403,10.24559966,1
0,0.598503741,0,19.79012782,91.08879063,0.023345271,150.1841555,0.559881707,10.52506418,1
0,0.568578554,0,19.26053954,84.45745999,0.022094027,133.9187839,0.549886804,10.49470512,1
0,0.473815461,0,22.69128512,123.4159682,0.025686023,200.3109917,0.604411675,10.52989933,1
0,0.613466334,0,22.72730088,126.1763632,0.017115418,193.6825601,0.522015933,10.40889705,1
0,0.533665835,0,22.65428552,120.0384697,0.010159434,182.106906,0.389109118,10.21890742,1
0,0.598503741,0,18.63437648,81.5369172,0.016827918,127.2338653,0.538163965,10.43985677,1
0,0.458852868,0,23.0474069,129.5582061,0.017689233,201.8388566,0.506171689,10.37269941,1
0,0.471321696,0,19.44510745,94.42790719,0.013408889,134.4880383,0.576624987,10.39500218,1
0,0.461346633,0,19.29569932,93.97556811,0.012474779,129.6526114,0.53257993,10.35690745,1
0,0.678304239,0,19.92850427,89.72033874,0.028548071,148.4492415,0.614817558,10.67120096,1
0,0.635910224,0,22.81015245,125.63218,0.016822058,195.9771374,0.489418166,10.38258978,1
0,0.403990025,0,21.24280335,109.4136849,0.010873902,158.8870548,0.413285182,10.24589336,1
0,0.556109726,0,17.22349894,68.5355583,0.014632929,114.9339969,0.424421302,10.31595421,1
0,0.618453865,0,22.90404352,132.0523129,0.018918652,185.3766163,0.646290225,10.5495259,1
0,0.605985037,0,19.34383321,89.85976628,0.01611583,145.4701741,0.479270319,10.37680799,1
0,0.55361596,0,18.70796685,84.85761821,0.011839977,125.2238161,0.421937148,10.28663778,1
0,0.481296758,0,20.68924534,103.1793119,0.020168866,162.949378,0.541091795,10.44613168,1
0,0.536159601,0,22.13782285,129.3205692,0.009962749,177.6322468,0.428575235,10.25751704,1
0,0.571072319,0,19.19158205,87.58577819,0.01379372,143.1118576,0.428040576,10.30558002,1
0,0.533665835,0,20.62341421,97.85681252,0.02794651,159.566657,0.621662255,10.60469924,1
0,0.663341646,0,19.5692289,86.49513279,0.026519823,141.6822167,0.599164646,10.60983601,1
0,0.451371571,0,17.54801305,70.05482519,0.01645405,115.0284263,0.475537092,10.36872239,1
0,0.46882793,0.072319202,22.09686457,116.6919921,0.025812982,185.259603,0.635138778,10.56777626,1
0,0.548628429,0,17.73739355,72.64635983,0.017614312,124.4117248,0.452435695,10.3676434,1
0,0.478802993,0,25.98137023,154.7871501,0.009429814,224.4419573,0.388742226,10.20054417,1
0,0.548628429,0,21.03789718,103.1280158,0.012692446,163.061209,0.421599291,10.26948614,1
0,0.6159601,0,18.99374182,82.61117626,0.023053643,136.9124449,0.524150887,10.50257586,1
0,0.591022444,0,18.98658786,84.31789595,0.019966831,141.0611448,0.5050118,10.44092158,1
0,0.364089776,0,24.35630764,134.4701881,0.009752961,208.0236815,0.385858761,10.19630248,1
0,0.658354115,0,21.49354708,111.3735658,0.023254071,172.8123832,0.627504868,10.6145704,1
0,0.536159601,0,26.74230386,170.7036292,0.00916641,240.0706896,0.391094683,10.20860586,1
0,0.426433915,0,17.72753515,72.47294295,0.017520479,126.9050321,0.444463709,10.34711096,1
0,0.493765586,0,19.90204416,93.36896934,0.011094615,146.6491115,0.390994039,10.23574452,1
0,0.511221945,0,17.4148177,68.96615562,0.014142974,102.1933972,0.528484691,10.38952437,1
0,0.476309227,0,19.89508071,103.7289166,0.011029309,141.2777722,0.473118617,10.30084001,1
0,0.451371571,0,27.56832863,164.9928797,0.00922843,246.0098841,0.381585496,10.18136172,1
0,0.613466334,0,18.76054924,82.69374844,0.017281057,128.4287953,0.550255361,10.46396053,1
0,0.44638404,0,19.44760291,88.50748424,0.011252869,144.3798945,0.392597789,10.22827017,1
0,0.623441397,0,21.07685735,107.6292427,0.021746072,163.8953291,0.589597884,10.55275414,1
0,0.483790524,0,19.4018156,94.53521738,0.013460301,133.059178,0.587083584,10.40928872,1
0,0.650872818,0,19.01976102,85.1363588,0.018215311,130.7349501,0.572801998,10.5104657,1
0,0.403990025,0,18.6816677,81.98937573,0.011945172,136.1439913,0.403642005,10.24807346,1
0,0.461346633,0,19.23518305,94.17301673,0.010959755,136.9426354,0.430883053,10.27335237,1
0,0.613466334,0,20.0510109,90.0281917,0.016050277,144.4548348,0.478293741,10.3675786,1
0,0.66084788,0,20.80927752,99.51014999,0.02940315,160.4428766,0.670470567,10.74089668,1
0,0.418952618,0,26.16561504,151.5017656,0.009428967,230.3423292,0.384224419,10.18679042,1
0,0.513715711,0,20.63025966,97.83789703,0.027930825,161.3904192,0.621033652,10.59118736,1
0,0.6159601,0,20.74689885,98.95491383,0.028894008,159.2047589,0.656709622,10.68546421,1
0,0.588528678,0,18.51336132,80.62097388,0.018351823,134.6714873,0.476763811,10.40607859,1
0,0.476309227,0.074812968,20.09615641,94.37495109,0.022033753,149.1846858,0.635907633,10.53942101,1
0,0.566084788,0,21.34151404,112.7873379,0.015472368,167.855424,0.540930375,10.40216077,1
0,0.413965087,0,22.75841175,125.9100681,0.017071003,204.9347575,0.496827707,10.35617165,1
0,0.433915212,0,22.35125099,120.3534423,0.010103345,179.2134124,0.39469496,10.22404764,1
0,0.610972569,0,18.19008572,79.36810493,0.012650625,117.0001017,0.434876669,10.3188089,1
0,0.571072319,0,20.8965119,105.3557737,0.020915861,166.9954686,0.572378323,10.49739069,1
0,0.633416459,0,25.68108995,159.4085654,0.023971452,240.6629603,0.640343244,10.57929894,1
0,0.623441397,0,21.31696287,112.6256957,0.015444588,166.4606329,0.542451883,10.4175217,1
0,0.431421446,0,18.76206219,80.06793373,0.022036404,139.9067814,0.505843233,10.43593953,1
0,0.44638404,0,20.44595328,93.24535793,0.032564129,162.9573129,0.629620542,10.6203167,1
0,0.608478803,0,19.93750108,87.46496823,0.013272435,138.620097,0.417682765,10.28520018,1
0.441396509,0,0,19.07728847,86.60583968,0.012265764,137.0886038,0.480085712,10.22611712,2
0.448877805,0.024937656,0,18.03809219,75.7208555,0.016121513,136.7607208,0.520673307,10.26682397,2
0.528678304,0.019950125,0,19.56321544,86.39208677,0.025673694,152.001247,0.678596474,10.33952866,2
0.463840399,0.024937656,0,17.89430525,74.83422943,0.013229925,127.0588614,0.475354246,10.23403784,2
0.351620948,0.02244389,0,25.33239956,143.3425486,0.009667756,218.3015975,0.415882799,10.17783752,2
0.538653367,0,0,25.61659806,148.6081413,0.009553409,220.2021037,0.434702147,10.17448819,2
0.418952618,0.024937656,0,20.73540497,101.9122231,0.010865288,157.7112447,0.444763859,10.20619091,2
0.488778055,0,0,20.20307653,90.69631848,0.030655057,159.4566321,0.768921669,10.38857148,2
0.463840399,0,0,30.53804256,199.2727021,0.00882282,280.4154588,0.417406782,10.16085038,2
0.581047382,0.02244389,0,18.94252198,86.95628601,0.011639033,130.2435913,0.508761546,10.21593092,2
0.451371571,0.014962594,0,21.31950186,104.6336266,0.011524523,164.8170496,0.464119025,10.20436504,2
0.498753117,0.024937656,0,17.78543644,73.65834657,0.014505706,129.3920863,0.504742775,10.24560876,2
0.394014963,0.024937656,0,20.90718232,103.2030442,0.01299781,164.8566434,0.489274402,10.23207373,2
0.478802993,0.024937656,0,18.55344192,80.86287053,0.012071187,132.8322451,0.459325734,10.21846236,2
0.461346633,0,0,27.08942964,164.0024313,0.009245428,238.5608832,0.422857056,10.17524602,2
0.473815461,0.017456359,0,18.04281096,75.66617122,0.016092484,137.7550561,0.529941654,10.26313369,2
0.471321696,0.024937656,0,26.42116666,153.9325876,0.009453019,229.3260101,0.42024947,10.17086135,2
0.478802993,0,0,19.73036828,89.94122674,0.022712025,158.1954871,0.644529884,10.32363938,2
0.53117207,0,0,19.83803407,89.28660096,0.025070327,153.0988215,0.730293863,10.34053347,2
0.6159601,0.014962594,0,21.6812626,112.8859662,0.021387918,183.237858,0.69572387,10.29013628,2
0.443890274,0.024937656,0,18.10316751,77.21399612,0.013417389,131.1173205,0.529830118,10.24902843,2
0.486284289,0.02244389,0,32.15205686,213.5616039,0.008690747,300.6907262,0.40974214,10.15206206,2
0.448877805,0.024937656,0,22.17741439,118.6364536,0.010386632,172.0861926,0.465157987,10.19923084,2
0.516209476,0,0,17.86028732,73.45394224,0.016602857,125.543867,0.560046365,10.26926187,2
0.46882793,0,0,19.14308404,79.47338722,0.021204688,145.9672337,0.591563172,10.28748996,2
0.351620948,0.024937656,0,24.03818992,132.9714144,0.009821119,201.7175603,0.416866135,10.18852327,2
0.605985037,0.024937656,0,19.44641042,85.43901586,0.024960706,147.263229,0.690465504,10.32237336,2
0.418952618,0.024937656,0,24.18711443,140.7588332,0.019487774,234.9017082,0.602734475,10.2891674,2
0.53117207,0.024937656,0,20.56212448,101.2065124,0.019524902,172.1810776,0.658323693,10.29291545,2
0.476309227,0,0,25.3703695,156.8830289,0.009378833,220.0854817,0.467704011,10.17670668,2
0.511221945,0,0,20.72372733,127.6347135,0.009898429,150.5342381,0.714457781,10.21837373,2
0.538653367,0.024937656,0,20.22868274,98.12525093,0.017101024,167.7150591,0.585540463,10.26471415,2
0.443890274,0.024937656,0,23.00505529,131.8167821,0.018871883,214.1213511,0.712763529,10.30339918,2
0.418952618,0.024937656,0,22.423462,125.1546688,0.017615195,191.9603308,0.655369655,10.29650119,2
0.566084788,0.024937656,0,18.13725405,76.74303685,0.012235228,128.9410023,0.467144318,10.21369947,2
0.336658354,0.024937656,0,31.30993347,210.689109,0.008712985,294.801006,0.411636461,10.1609767,2
0.316708229,0,0,28.31279435,152.6730771,0.01032226,227.2641924,0.415920197,10.18564713,2
0.501246883,0,0,22.11285798,112.7539794,0.010268797,177.5521761,0.425811982,10.18708884,2
0.523690773,0,0,24.46373554,135.4694062,0.009854289,202.6697926,0.443414484,10.17633213,2
0.403990025,0.017456359,0,19.9488975,93.291271,0.011603179,155.584362,0.452825038,10.21310424,2
0.573566085,0.024937656,0,19.85704681,91.08892398,0.023345241,153.0497349,0.680645346,10.31757957,2
0.536159601,0,0,19.15401958,84.45758089,0.022093998,148.2889024,0.681887311,10.31300781,2
0.431421446,0.017456359,0,22.73468893,123.4161064,0.025686003,215.5387117,0.700936623,10.35578342,2
0.586034913,0.024937656,0,22.81427628,126.1766082,0.017115392,192.5122747,0.644092646,10.25480574,2
0.506234414,0.024937656,0,22.66860938,120.0386048,0.010159425,181.2774947,0.439945091,10.1906934,2
0.558603491,0.017456359,0,18.69011438,81.53705587,0.016827888,125.4500442,0.654322701,10.27545803,2
0.391521197,0,0,23.10840335,129.5583344,0.01768922,224.039692,0.589064453,10.28149121,2
0.441396509,0.02244389,0,19.4901405,94.42805558,0.013408868,136.220432,0.670532457,10.2668797,2
0.436408978,0.024937656,0,19.36148377,93.97571773,0.012474761,143.233103,0.625101044,10.25282471,2
0.623441397,0,0,20.01793966,89.7204723,0.028548031,152.2764747,0.76434968,10.3416356,2
0.610972569,0.024937656,0,22.91382688,125.6324143,0.016822032,199.0094945,0.614151218,10.24448313,2
0.376558603,0.024937656,0,21.28497806,109.4137698,0.010873895,171.3241354,0.467358648,10.21107651,2
0.53117207,0.024937656,0,17.26472607,68.53561743,0.014632913,119.8167485,0.50846806,10.24493073,2
0.593516209,0.024937656,0,23.04381755,132.0526757,0.018918615,202.5908562,0.796468569,10.27710336,2
0.541147132,0,0,19.39764267,89.85990741,0.016115807,144.4487915,0.585327688,10.26045302,2
0.528678304,0.024937656,0,18.7675224,84.85774163,0.011839961,134.9137115,0.509600405,10.22094644,2
0.456359102,0.024937656,0,20.75567657,103.1794458,0.020168847,180.8808637,0.639929267,10.3098993,2
0.50872818,0.02244389,0,22.17237084,129.3208138,0.009962735,178.9794606,0.511749094,10.19937739,2
0.541147132,0.02244389,0,19.24104829,87.58588993,0.013793703,144.8248576,0.517009802,10.23289891,2
0.50872818,0.024937656,0,20.69766054,97.85692996,0.027946482,171.888046,0.74674617,10.36263851,2
0.583541147,0.007481297,0,19.65302876,86.49524994,0.026519789,147.7208526,0.736710873,10.33864411,2
0.426433915,0.024937656,0,17.58662116,70.0548756,0.016454035,123.7273871,0.552829746,10.28470733,2
0.443890274,0.024937656,0,22.15651937,116.6921343,0.02581296,202.9247061,0.745694782,10.36332924,2
0.521197007,0.02244389,0,17.7983035,72.64642634,0.017614294,131.9214994,0.547112016,10.27215814,2
0.453865337,0.024937656,0,25.98584676,154.7872867,0.009429808,224.9001216,0.431880049,10.17844745,2
0.478802993,0,0,21.06415577,103.1281116,0.012692434,165.3334017,0.494680957,10.21641708,2
0.591022444,0.024937656,0,19.09184055,82.61128416,0.023053614,147.0703796,0.658083481,10.30904784,2
0.563591022,0.024937656,0,19.0433457,84.31800956,0.019966805,143.229307,0.614897749,10.29184353,2
0.33915212,0.024937656,0,24.34240059,134.4702548,0.009752957,206.8188539,0.410744169,10.18446154,2
0.608478803,0,0,21.61177466,111.373825,0.023254031,173.7284596,0.775321292,10.30783612,2
0.511221945,0.024937656,0,26.77084559,170.7038631,0.009166402,238.4556515,0.4535956,10.17645475,2
0.401496259,0.024937656,0,17.77874936,72.47298436,0.017520468,142.0746842,0.514337809,10.28203596,2
0.46882793,0.024937656,0,19.93149398,93.36905504,0.011094606,152.1085125,0.445324129,10.203886,2
0.483790524,0.024937656,0,17.47587508,68.96624335,0.014142951,109.049125,0.630342576,10.26552376,2
0.451371571,0.024937656,0,19.95694202,103.7290857,0.011029293,150.3848785,0.558988885,10.22597017,2
0.426433915,0.024937656,0,27.568357,164.9929754,0.009228427,246.7159525,0.406553631,10.17004516,2
0.588528678,0.024937656,0,18.82685717,82.69390483,0.017281025,126.4595476,0.67559933,10.27620336,2
0.421446384,0.02244389,0,19.45138348,88.50754197,0.011252862,145.5035083,0.431491308,10.20537566,2
0.596009975,0,0,21.28330504,107.6294877,0.021746036,177.4696444,0.740153558,10.29084566,2
0.456359102,0,0,19.68776965,94.53539679,0.013460275,134.4139639,0.688863375,10.25252855,2
0.598503741,0,0,19.12842431,85.13654274,0.018215274,130.8502038,0.713142729,10.27987912,2
0.379052369,0.024937656,0,18.67500971,81.9894194,0.011945166,137.9792209,0.441975965,10.22147336,2
0.436408978,0.024937656,0,19.26698048,94.17314153,0.010959743,141.2954908,0.499813368,10.2215007,2
0.593516209,0,0,20.08870198,89.26888838,0.016091142,142.8573848,0.59405765,10.24564175,2
0.633416459,0.024937656,0,20.89872986,99.51032625,0.029403106,162.6513347,0.819736842,10.3481776,2
0.331670823,0,0,26.15530373,151.5018346,0.009428964,230.1960947,0.405217915,10.17669885,2
0.488778055,0.024937656,0,20.67966994,97.83800438,0.027930799,171.4072016,0.729108306,10.36854477,2
0.586034913,0.02244389,0,20.82980245,98.95506908,0.02889397,166.2497264,0.795935837,10.35369551,2
0.538653367,0,0,18.66420809,80.62107669,0.0183518,140.0867745,0.587321937,10.2775169,2
0.44638404,0.02244389,0,20.13434157,94.37507089,0.022033729,152.8029924,0.73546687,10.34408429,2
0.536159601,0.02244389,0,21.40612098,112.7875505,0.015472343,165.7282168,0.652952871,10.25698127,2
0.386533666,0.024937656,0,22.7711617,125.9101701,0.017070991,206.4675184,0.56276056,10.27904039,2
0.408977556,0.024937656,0,22.37175713,120.3535561,0.010103338,184.3683966,0.441164049,10.1977127,2
0.586034913,0.024937656,0,18.28069028,79.36823998,0.012650604,127.5790036,0.545279695,10.22735776,2
0.541147132,0.02244389,0,20.97083708,105.3559612,0.020915832,168.3126159,0.691245267,10.30370596,2
0.591022444,0,0,25.87879689,159.4088957,0.023971417,245.9010392,0.784440824,10.29286455,2
0.583541147,0.019950125,0,21.39849869,112.6259443,0.015444558,163.7787404,0.668715041,10.25070244,2
0.406483791,0.024937656,0,18.79427157,80.0679836,0.02203639,151.1893446,0.583145334,10.33259613,2
0.421446384,0.024937656,0,20.46620204,93.24541637,0.03256411,173.89919,0.720225286,10.42007979,2
0.581047382,0,0,20.00688835,86.75903356,0.013306648,146.1193052,0.514862821,10.21565875,2
0,0.528678304,0.182044888,22.41657955,119.571505,0.027488697,187.6250991,0.69982053,10.65442581,3
0,0.511221945,0.164588529,21.27599268,102.9790878,0.033176397,169.9526003,0.702389112,10.71444536,3
0,0.583541147,0.2319202,20.76259864,95.76267085,0.036470187,158.5518932,0.738365522,10.82164165,3
0,0.541147132,0.199501247,21.32978582,103.4391556,0.033774148,169.1650548,0.730129183,10.7576483,3
0,0.476309227,0.08478803,26.39506429,166.4771708,0.02635182,260.0316453,0.644773494,10.53311137,3
0,0.658354115,0.301745636,25.66354429,159.4346013,0.024517189,230.9765913,0.700052492,10.66585277,3
0,0.506234414,0.142144638,22.26814336,118.3539837,0.026749529,187.3554434,0.678111754,10.61486993,3
0,0.55361596,0.172069825,20.47311679,93.0570889,0.033765471,154.2038588,0.703689058,10.7342551,3
0,0.608478803,0.226932668,19.8763282,99.16297675,0.014829506,131.4651908,0.676686831,10.53030894,3
0,0.655860349,0.301745636,20.3682945,97.23254888,0.023447765,146.1336588,0.718680539,10.73171608,3
0,0.57605985,0.164588529,26.44393494,167.2738306,0.026657371,255.658612,0.681420718,10.58475115,3
0,0.568578554,0.211970075,21.1862603,102.3744329,0.032431099,165.3992366,0.71302143,10.7488914,3
0,0.458852868,0.127182045,26.05864653,164.5445449,0.026304595,254.9187762,0.686190849,10.56612813,3
0,0.566084788,0.179551122,21.04881271,101.2623844,0.031165891,165.0077915,0.690860674,10.70677798,3
0,0.596009975,0.25436409,20.46387748,97.93415723,0.023821384,144.4035716,0.714752771,10.69321504,3
0,0.588528678,0.201995012,21.32282258,103.4164589,0.033743998,167.7912278,0.721914472,10.75901839,3
0,0.593516209,0.249376559,26.74388302,170.8496242,0.028147237,255.6163799,0.726843125,10.67420721,3
0,0.541147132,0.162094763,21.10964396,101.727302,0.03167933,166.5169353,0.686292725,10.69877964,3
0,0.613466334,0.241895262,20.75260744,97.0360426,0.032182354,154.1233213,0.742110617,10.79342439,3
0,0.708229426,0.316708229,23.37905913,130.5115167,0.029941131,201.0361003,0.736136997,10.81441723,3
0,0.498753117,0.149625935,20.41294718,97.30893229,0.023487846,148.4193605,0.676801329,10.59658417,3
0,0.640897756,0.27680798,18.77755551,107.3209736,0.010459733,119.975038,0.700413917,10.50504042,3
0,0.528678304,0.194513716,23.91458752,143.8103712,0.021530774,209.2561139,0.71066149,10.58025248,3
0,0.613466334,0.224438903,20.57663987,95.68495254,0.030607123,153.0510914,0.712754814,10.74823949,3
0,0.513715711,0.187032419,20.92336309,95.54214647,0.036089814,159.7155536,0.715787156,10.76738606,3
0,0.461346633,0.10723192,22.40372762,119.4817933,0.027432532,193.4137367,0.668066678,10.59703604,3
0,0.650872818,0.301745636,20.73436511,95.6621985,0.036290391,156.55621,0.748703219,10.91082711,3
0,0.463840399,0.10723192,26.6262246,169.0219897,0.027360089,265.7817624,0.663766055,10.5516953,3
0,0.571072319,0.219451372,22.35069591,119.3547279,0.02735352,181.9198359,0.706599549,10.68627389,3
0,0.563591022,0.224438903,19.98115045,100.721374,0.015187916,137.2320447,0.692812252,10.53605514,3
0,0.53117207,0.199501247,19.66530782,108.3700678,0.010426037,123.6202257,0.677984427,10.43073723,3
0,0.593516209,0.241895262,23.35013427,130.1012668,0.029646641,201.5575776,0.716377799,10.72445894,3
0,0.473815461,0.134663342,23.81187447,142.4091331,0.021184574,207.6684,0.669543231,10.53185765,3
0,0.453865337,0.104738155,23.71932637,141.1143724,0.020874438,212.828138,0.656399533,10.50929915,3
0,0.655860349,0.296758105,20.63236945,94.94341129,0.035068988,154.880547,0.725099155,10.87784292,3
0,0.451371571,0.082294264,19.00769838,111.1805992,0.010334467,133.2669293,0.623783103,10.39051949,3
0,0.42394015,0.109725686,22.75785213,103.6776514,0.026763055,148.2747987,0.662539986,10.55817729,3
0,0.640897756,0.286783042,20.78319684,95.61625197,0.038296098,158.391774,0.752951178,10.91086417,3
0,0.633416459,0.301745636,25.66811466,162.3085763,0.025484759,235.2030129,0.723914777,10.70965566,3
0,0.538653367,0.132169576,23.31483467,129.4942904,0.029224208,207.48375,0.674576314,10.62655088,3
0,0.6159601,0.274314214,21.28703929,103.2365088,0.033507458,166.0116698,0.744634196,10.83319939,3
0,0.581047382,0.216957606,20.54190359,94.73522752,0.029608383,148.9074938,0.691312593,10.71048894,3
0,0.486284289,0.124688279,23.45751149,130.7648812,0.030126704,211.0733843,0.681656833,10.62988806,3
0,0.630922693,0.256857855,25.50736878,158.8864032,0.024342428,234.9782404,0.697609198,10.64323924,3
0,0.610972569,0.221945137,22.12559026,117.2635741,0.026126365,181.0041735,0.691030451,10.67524842,3
0,0.623441397,0.269326683,20.55118801,98.76609179,0.024280134,148.9222175,0.735961896,10.71611605,3
0,0.471321696,0.112219451,26.02780275,164.1990145,0.026173658,252.5025932,0.669983113,10.55655608,3
0,0.478802993,0.127182045,20.07529001,100.7582893,0.015196173,143.1107662,0.656867046,10.46962206,3
0,0.476309227,0.127182045,20.10049933,101.0797108,0.015267908,140.4526157,0.656479345,10.47261949,3
0,0.685785536,0.311720698,20.64045519,94.99486957,0.03515285,155.4335603,0.729769107,10.90208148,3
0,0.665835411,0.326683292,26.80268282,171.7051475,0.02853614,255.7048387,0.747403204,10.76459418,3
0,0.448877805,0.104738155,23.79150029,142.0425229,0.021095834,209.8921864,0.652842357,10.51387752,3
0,0.605985037,0.259351621,20.52744518,93.57048192,0.034553544,151.9456385,0.738863812,10.83723647,3
0,0.623441397,0.249376559,23.35473957,137.5057283,0.020054411,192.3481179,0.68278455,10.59813283,3
0,0.623441397,0.251870324,22.31900803,119.0852987,0.027187721,183.3994985,0.71277436,10.71278482,3
0,0.598503741,0.249376559,20.3954662,97.41142736,0.023541914,144.1472166,0.709821837,10.68150229,3
0,0.496259352,0.149625935,22.42990692,119.892624,0.027691954,187.2541769,0.68693324,10.63325503,3
0,0.578553616,0.221945137,20.01530946,100.4847662,0.015134664,136.9521187,0.690072593,10.52835392,3
0,0.6159601,0.236907731,23.1768527,128.4774302,0.028549598,199.910299,0.699181128,10.70654502,3
0,0.543640898,0.189526185,21.2432813,102.7918486,0.032940905,166.840965,0.707838399,10.73632416,3
0,0.673316708,0.286783042,20.53822052,93.68458809,0.034735265,151.5386985,0.746472386,10.87542766,3
0,0.476309227,0.117206983,19.78086255,87.09083379,0.026974539,141.029895,0.665040997,10.62044025,3
0,0.471321696,0.134663342,22.53905274,120.8490149,0.028319746,191.5333974,0.682676437,10.63007817,3
0,0.586034913,0.216957606,20.62086561,94.75747207,0.034770268,156.2741167,0.709111704,10.78160442,3
0,0.556109726,0.21446384,23.8430127,143.052796,0.021342205,206.7214386,0.713634739,10.5930426,3
0,0.57605985,0.177057357,26.34266128,166.1832849,0.026241315,252.5218658,0.67956228,10.59111985,3
0,0.63840399,0.296758105,20.76492274,95.88770569,0.036697344,155.8238786,0.750251169,10.91198107,3
0,0.6159601,0.239401496,21.08415615,101.6301496,0.031570297,163.9023995,0.707894348,10.76639571,3
0,0.458852868,0.089775561,21.1442946,101.8358252,0.031802268,172.622154,0.656026679,10.64169457,3
0,0.66084788,0.27680798,22.14360986,117.6034006,0.026316913,180.4126586,0.697946013,10.73262769,3
0,0.600997506,0.266832918,20.22191478,102.9406585,0.015674055,136.1230253,0.720674173,10.58042367,3
0,0.461346633,0.102244389,20.68120117,95.00978427,0.035177176,163.4275794,0.667312285,10.68512542,3
0,0.566084788,0.197007481,21.13017314,101.9464471,0.031928902,164.3236513,0.697597382,10.73091816,3
0,0.526184539,0.184538653,18.50076429,74.86045666,0.019044246,111.6077208,0.692024588,10.5732449,3
0,0.501246883,0.159600998,20.15568088,101.8060655,0.015428074,139.5563652,0.675824434,10.49436675,3
0,0.571072319,0.204488778,21.14914542,102.0807753,0.032084374,164.9845404,0.706701749,10.73853801,3
0,0.628428928,0.264339152,20.25693785,96.1784876,0.022907264,145.2207283,0.70143979,10.68105755,3
0,0.526184539,0.137157107,20.60258519,94.18539993,0.035600304,160.8103381,0.685952123,10.71905626,3
0,0.630922693,0.27680798,22.16949013,118.2273794,0.026675415,178.1206577,0.701259169,10.73288783,3
0,0.49127182,0.167082294,20.15762951,102.7987411,0.015643504,143.7844742,0.689409245,10.50857483,3
0,0.658354115,0.274314214,20.17322294,95.54348564,0.022592768,143.5959182,0.692389386,10.69345671,3
0,0.466334165,0.109725686,21.22038689,102.423729,0.032490213,173.2038402,0.675358394,10.65925265,3
0,0.501246883,0.152119701,18.43934823,74.33669186,0.018771035,112.1133511,0.672654755,10.54507041,3
0,0.640897756,0.319201995,22.75235537,120.9205523,0.02816596,184.0470662,0.743930085,10.78630688,3
0,0.665835411,0.309226933,21.18663872,102.5221598,0.032609226,164.2818126,0.732337335,10.86275086,3
0,0.488778055,0.137157107,20.57811078,93.72764935,0.034804434,158.6815851,0.697881084,10.71635609,3
0,0.521197007,0.179551122,21.3160055,103.3025937,0.033593795,169.3097571,0.717070809,10.73347328,3
0,0.623441397,0.274314214,21.24781498,102.9466559,0.033135334,164.6312049,0.736444811,10.82654508,3
0,0.610972569,0.239401496,21.076562,101.8121156,0.03177535,163.5070036,0.706394219,10.77407827,3
0,0.481296758,0.104738155,20.23487652,95.61852548,0.022629483,150.8651489,0.649744999,10.55618911,3
0,0.583541147,0.244389027,23.89287877,143.7520149,0.021516138,206.247137,0.726141652,10.62106437,3
0,0.436408978,0.097256858,26.03824439,164.1963212,0.02617264,258.213008,0.667482767,10.54641659,3
0,0.498753117,0.12967581,20.25345002,95.88345748,0.022760123,146.3446196,0.65919434,10.5743945,3
0,0.648379052,0.29925187,20.37516717,97.35570679,0.023512515,142.5201058,0.713403421,10.73084954,3
0,0.586034913,0.2319202,22.37276076,119.5565477,0.027479332,184.9243968,0.714336312,10.69914061,3
0,0.63840399,0.269326683,26.42049604,167.7536366,0.02684573,251.2829753,0.705938824,10.67613227,3
0,0.645885287,0.294264339,23.90971638,144.1360068,0.021612903,204.8169525,0.73889859,10.67372818,3
0,0.456359102,0.119700748,20.6373006,94.11456548,0.035443028,161.6546968,0.692829362,10.70819147,3
0,0.451371571,0.097256858,20.74068239,95.39612005,0.035825229,166.4191403,0.674643548,10.6867691,3
0,0.648379052,0.314214464,23.54499115,130.1561987,0.02948868,198.9519842,0.724903707,10.77819025,3
0.284289277,0.177057357,0,33.06715867,216.7746021,0.00664038,227.7668436,0.62775406,10.44331573,4
0.399002494,0.354114713,0,32.37601469,216.1986977,0.010155677,274.7377113,0.518038814,10.27425195,4
0.381546135,0.396508728,0,31.78402898,215.8831224,0.009419582,264.5991102,0.527769509,10.24857359,4
0.259351621,0.284289277,0,32.14476817,215.8854819,0.007683677,251.8667405,0.526500142,10.26570896,4
0.428927681,0.311720698,0,32.91459014,216.726568,0.007142473,244.7518543,0.563967645,10.3027747,4
0.483790524,0.478802993,0,32.22860622,215.8836413,0.007613303,235.2845274,0.62266117,10.14847086,4
0.481296758,0.451371571,0,32.80059681,216.0523075,0.007387964,259.2934461,0.514315115,10.14129276,4
0.458852868,0.46882793,0,31.83084642,215.7737773,0.008969613,256.6891603,0.556089574,10.17669085,4
0.44638404,0.346633416,0,32.7259296,216.4824554,0.009908984,260.6669094,0.588271358,10.33337169,4
0.281795511,0.329177057,0,31.92788054,215.8492816,0.00771023,243.1459461,0.561693494,10.29179087,4
0.523690773,0.386533666,0,32.65055384,216.2982281,0.007716841,259.6084942,0.523728503,10.18364651,4
0.586034913,0.379052369,0,32.73445621,216.0278277,0.008552098,256.3628932,0.567620814,10.15618799,4
0.21446384,0.10723192,0,32.43663133,216.2943845,0.009952995,276.5468243,0.502901026,10.31952234,4
0.451371571,0.466334165,0,31.71973549,215.7533705,0.008685725,245.8270464,0.593560762,10.21371253,4
0.568578554,0.389027431,0,32.83141318,215.9614711,0.009274091,274.2864868,0.509218985,10.16194587,4
0.563591022,0.406483791,0,32.82096822,216.1462585,0.010222718,260.5402605,0.618034301,10.18454557,4
0.521197007,0.396508728,0,32.63042046,216.2118319,0.008348108,261.6756779,0.531585514,10.19074467,4
0.486284289,0.371571072,0,32.67514232,216.3628512,0.007086721,249.9736273,0.542066342,10.18414283,4
0.466334165,0.46882793,0,31.9428673,215.8581532,0.009439458,254.1946462,0.590052162,10.19524182,4
0.563591022,0.391521197,0,32.83950763,215.9659408,0.009387521,275.1973962,0.508450573,10.16365537,4
0.314214464,0.236907731,0,32.40650866,216.3862773,0.01042173,267.9712397,0.557603133,10.37486374,4
0.279301746,0.117206983,0,32.74157002,216.5275505,0.008758792,258.5449318,0.54815933,10.36917466,4
0.416458853,0.301745636,0,32.76568764,216.4757998,0.00786192,257.4600466,0.529408611,10.27859214,4
0.438902743,0.324189526,0,32.9196853,216.7529223,0.007416924,242.9481681,0.583261992,10.3183146,4
0.436408978,0.356608479,0,32.63553075,216.4283695,0.010297037,266.2786114,0.572322788,10.32315695,4
0.311720698,0.286783042,0,32.07871985,216.2135404,0.010240044,263.54196,0.564818416,10.36425469,4
0.493765586,0.461346633,0,32.66654526,215.9021265,0.009826551,267.5040741,0.547940811,10.17031495,4
0.448877805,0.334164589,0,32.96429494,216.8459384,0.007397922,238.4696884,0.608590823,10.33660352,4
0.428927681,0.441396509,0,31.8711189,215.7435208,0.008408606,260.5866193,0.516877412,10.18140069,4
0.498753117,0.399002494,0,32.80414676,216.4487576,0.009386618,250.9746575,0.625547743,10.28520741,4
0.513715711,0.443890274,0,32.71319524,216.2562267,0.010746803,264.1946491,0.615869902,10.21227608,4
0.50872818,0.433915212,0,32.87042101,216.3657749,0.007016766,248.7201919,0.553841459,10.14469302,4
0.566084788,0.403990025,0,32.80938047,216.1157902,0.010028917,260.5833437,0.608100055,10.18037924,4
0.46882793,0.471321696,0,32.07796834,215.9362438,0.009759692,253.9759167,0.608324101,10.20800863,4
0.428927681,0.42394015,0,32.10374697,215.9409044,0.009687717,274.7330634,0.500048558,10.20641507,4
0.521197007,0.379052369,0,32.6186739,216.2538888,0.00760797,265.0607988,0.501080904,10.17454814,4
0.471321696,0.428927681,0,32.51116653,216.3197255,0.010714249,260.8811869,0.620756878,10.28641647,4
0.486284289,0.364089776,0,32.76865295,216.4860616,0.007433926,253.5878635,0.537560415,10.22760802,4
0.3840399,0.403990025,0,32.10813091,215.7957769,0.007944228,251.8052789,0.536135597,10.22062744,4
0.53117207,0.418952618,0,32.71137917,216.1725899,0.009975488,265.0112346,0.577343319,10.19401385,4
0.391521197,0.408977556,0,32.07415503,215.7803567,0.007997653,248.6530403,0.550285815,10.22859258,4
0.588528678,0.369077307,0,32.80240204,216.0048396,0.008221822,266.4148228,0.514650229,10.14943202,4
0.478802993,0.471321696,0,32.36541579,215.9200611,0.009801143,263.3131167,0.564526379,10.17951667,4
0.471321696,0.478802993,0,32.18710979,215.748108,0.008345377,255.6653797,0.54273619,10.14886043,4
0.461346633,0.458852868,0,32.21127723,215.8390422,0.007813718,254.6045018,0.531570103,10.15489362,4
0.421446384,0.376558603,0,32.39887671,216.2805508,0.010427153,267.3121552,0.564418259,10.30872577,4
0.144638404,0.027431421,0,32.70245788,216.4561945,0.008471888,263.5322578,0.517320956,10.33534761,4
0.261845387,0.122194514,0,33.00064665,216.8757138,0.006933545,239.0485611,0.579081039,10.39837312,4
0.12967581,0,0,32.79445266,216.4129641,0.007246709,254.3509311,0.516261806,10.32942917,4
0.488778055,0.391521197,0,32.74357336,216.3672894,0.009248118,257.1342403,0.582880855,10.26285838,4
0.506234414,0.374064838,0,32.98198353,216.8557941,0.006634063,232.1796003,0.61823848,10.26503292,4
0.518703242,0.406483791,0,32.6799103,216.2358582,0.009040415,258.4775536,0.570128034,10.2100666,4
0.428927681,0.396508728,0,32.24393462,216.2294265,0.010404301,259.6868115,0.600898791,10.32367012,4
0.596009975,0.364089776,0,32.81785675,216.0710259,0.007878084,263.1191058,0.519547398,10.14700096,4
0.36159601,0.321695761,0,32.49324449,216.1221977,0.007107607,227.5958163,0.634302881,10.34362651,4
0.481296758,0.421446384,0,32.72113629,216.4830258,0.010790692,260.270731,0.637231171,10.30361456,4
0.394014963,0.426433915,0,31.94996367,215.7463015,0.008260437,245.4942021,0.572180718,10.24365882,4
0.543640898,0.428927681,0,32.83782723,216.2180411,0.010848512,262.5302108,0.635361167,10.19800202,4
0.513715711,0.426433915,0,32.87952159,216.3125739,0.007110931,252.6873495,0.540297606,10.14408561,4
0.139650873,0,0,32.68035108,216.421675,0.008400352,266.1312641,0.50519694,10.32150858,4
0.493765586,0.458852868,0,32.79072106,216.3659743,0.006917071,240.0240434,0.586924604,10.14589259,4
0.321695761,0.371571072,0,31.59549371,215.7447648,0.00838058,235.4996423,0.623619817,10.34442581,4
0.533665835,0.379052369,0,32.72122975,216.4506562,0.007080865,250.0119695,0.544498241,10.18636114,4
0.556109726,0.381546135,0,32.77813097,216.6398349,0.00688088,240.2032942,0.590875466,10.16825483,4
0.543640898,0.403990025,0,32.66129748,216.0896408,0.008923385,263.7528119,0.542599375,10.1738859,4
0.596009975,0.371571072,0,32.74938282,216.1210991,0.007921263,251.7960129,0.568338925,10.15066569,4
0.33915212,0.187032419,0,32.97612662,216.9313824,0.007650649,237.8907999,0.617417347,10.43725382,4
0.411471322,0.389027431,0,32.23353314,216.1829675,0.010272289,264.3704345,0.568999234,10.30245094,4
0.488778055,0.471321696,0,32.54293598,215.9001899,0.009818942,257.0016815,0.602775746,10.17192236,4
0.586034913,0.364089776,0,32.80818532,216.5338761,0.007033543,236.76503,0.618860391,10.15083039,4
0.53117207,0.391521197,0,32.77488409,216.5422825,0.007284339,245.6829164,0.572612417,10.1987058,4
0.486284289,0.461346633,0,32.7086802,216.0542155,0.0073386,250.9253043,0.543107621,10.14257915,4
0.481296758,0.458852868,0,32.76223395,216.0210743,0.007427123,258.0970348,0.518120263,10.14140086,4
0.478802993,0.413965087,0,32.67450356,216.3769134,0.010433983,265.5233285,0.587246544,10.27549239,4
0.453865337,0.463840399,0,31.91370412,215.7586773,0.008859971,265.2518668,0.514567919,10.16604667,4
0.498753117,0.369077307,0,32.90599291,216.6917662,0.006801636,237.9533754,0.588523077,10.25017322,4
0.433915212,0.406483791,0,32.30216663,216.0404112,0.009930067,278.2386968,0.496064016,10.2139549,4
0.548628429,0.3840399,0,32.85786211,216.8816795,0.006637448,232.4870019,0.630125194,10.17598249,4
0.481296758,0.389027431,0,32.69377229,216.3175444,0.009562511,264.036005,0.559393833,10.25357796,4
0.441396509,0.36159601,0,32.69970156,216.4955299,0.010262882,262.1024916,0.595660547,10.3406795,4
0.556109726,0.381546135,0,32.69795648,216.1705297,0.007746632,264.3911684,0.508960226,10.15733666,4
0.251870324,0.329177057,0,31.84673724,215.746233,0.008268042,250.1166716,0.544673459,10.28448397,4
0.341645885,0.284289277,0,32.38469576,216.4386296,0.010629839,262.7915291,0.593447299,10.40739308,4
0.57605985,0.394014963,0,32.79081975,216.0047317,0.009294243,265.3747267,0.550886828,10.16474875,4
0.501246883,0.411471322,0,32.63304643,216.1731067,0.009750271,271.7822122,0.530639522,10.20453054,4
0.436408978,0.426433915,0,32.29984973,215.9115432,0.007653916,258.5072607,0.512081023,10.172129,4
0.286783042,0.309226933,0,32.18583678,215.9237245,0.007549394,244.004259,0.55538266,10.28720596,4
0.513715711,0.433915212,0,32.81144102,215.9251059,0.009880518,279.9567138,0.494736334,10.17011113,4
0.44638404,0.413965087,0,32.41858173,216.1440395,0.010179925,274.2242629,0.524684924,10.23440803,4
0.501246883,0.451371571,0,32.73856291,215.9127449,0.009862014,273.552895,0.521204898,10.17034155,4
0.334164589,0.184538653,0,32.7030692,216.5717663,0.009805306,259.9636408,0.582301963,10.40664931,4
0.36159601,0.229426434,0,32.7184364,216.6527544,0.010189695,257.2974451,0.615993281,10.44060535,4
0.453865337,0.458852868,0,32.12496929,215.7669162,0.008167216,263.2996009,0.505279519,10.15360783,4
0.463840399,0.344139651,0,32.9151429,216.6964875,0.008297845,240.3911702,0.635437154,10.35762999,4
0.251870324,0.316708229,0,31.80762263,215.7516088,0.008623665,254.4775463,0.536737973,10.28549531,4
0.523690773,0.416458853,0,32.74061827,216.0776784,0.009843279,275.4957557,0.518265764,10.18279153,4
0.236907731,0.079800499,0,32.8909621,216.727419,0.007404264,248.125345,0.551486785,10.37087499,4
0.2319202,0.301745636,0,31.88614124,215.7442162,0.008344102,256.9770491,0.519137879,10.2658642,4
0.568578554,0.386533666,0,32.78344952,216.647728,0.00700416,237.6310497,0.610184239,10.17294618,4
0.394014963,0.284289277,0,32.74640199,216.3095491,0.007155621,248.4619868,0.537724331,10.27766574,4
0,0.019950125,0,21.60183206,137.7776051,0.00979021,195.1252938,0.39313955,10.30265334,5
0,0.024937656,0,25.36900859,103.8001162,0.012184941,196.2591352,0.391326744,10.16553805,5
0,0.024937656,0,23.3556121,95.31392784,0.069839511,127.3133195,0.490567622,10.36037932,5
0,0.024937656,0,24.60478562,54.09708703,0.088737538,89.60716674,0.460312916,10.29324285,5
0,0.024937656,0,23.39185844,124.9440472,0.081865048,157.4947168,0.521267635,10.39340396,5
0,0,0,30.42916987,133.3504841,0.007205217,258.4083854,0.439118733,10.61130556,5
0,0.024937656,0,22.41659336,51.98379554,0.102663938,96.2695777,0.570937868,10.51031132,5
0,0.072319202,0,25.42381219,132.0478128,0.079767636,241.0324599,0.51304479,10.35255209,5
0,0.019950125,0,21.24234412,72.37843953,0.073578135,103.8036791,0.512369836,10.39006242,5
0,0.024937656,0,24.44047779,56.89065478,0.182290875,98.90617971,0.553525243,10.38387975,5
0,0.029925187,0,23.5508072,80.07638288,0.077832913,126.5715106,0.456094351,10.27025978,5
0,0.024937656,0,20.16983839,50.94002681,0.023083089,77.05601511,0.445900385,10.33460939,5
0,0.024937656,0,25.44179414,135.8320765,0.077448055,260.1057051,0.523369614,10.38777094,5
0,0.02244389,0,23.08994105,87.05950256,0.048528534,124.9632904,0.483450002,10.31889941,5
0,0.024937656,0,24.59173096,128.1103257,0.015309017,191.8546428,0.421187146,10.34085609,5
0,0,0,26.58439403,50.41909539,0.084227998,83.40888324,0.46272258,10.2854187,5
0,0.024937656,0,22.9429847,41.01373864,0.130099288,69.29467654,0.51218738,10.39301705,5
0,0.024937656,0,27.85442889,178.8725835,0.02661239,292.4976208,0.451288556,10.43030524,5
0,0,0,27.22879377,120.4941283,0.014982533,244.5214062,0.407947067,10.36293548,5
0,0.024937656,0,21.73737648,71.7856511,0.023727584,101.3605575,0.446650265,10.33595162,5
0,0.024937656,0,18.68054162,48.44109405,0.037515147,64.79027416,0.511338719,10.54942372,5
0,0.024937656,0,30.14862372,165.3013822,0.00926923,256.7906711,0.387128122,10.15735144,5
0,0.024937656,0,22.93335136,71.59882879,0.027951431,94.26733423,0.42584775,10.26652926,5
0,0.024937656,0,25.63408101,54.80200979,0.088386058,89.86444434,0.462880007,10.27181691,5
0,0.024937656,0,20.70390484,54.21488726,0.11458658,97.42121393,0.511710811,10.36443181,5
0,0.024937656,0,22.7848163,122.6740922,0.027145105,145.703969,0.456281354,10.34333042,5
0,0.024937656,0,27.49130654,59.27293108,0.075389795,93.33836752,0.447887701,10.24259826,5
0,0.024937656,0,23.77605125,156.8501392,0.009385255,231.7261375,0.389822697,10.27109105,5
0,0.024937656,0,22.80483268,114.9334907,0.010796873,190.9694171,0.39539625,10.22504564,5
0,0.024937656,0,19.69484544,60.45610215,0.094258995,75.72584607,0.602409928,10.63399957,5
0,0.02244389,0,25.01413141,103.367288,0.029698473,213.6166936,0.459014976,10.32888163,5
0,0.024937656,0,25.25439738,131.9051675,0.017157382,222.7292954,0.421274473,10.38472689,5
0,0.201995012,0,22.85182185,160.9579776,0.009336062,220.6247617,0.40860974,10.39133319,5
0,0.024937656,0,25.1983904,106.3468748,0.058045165,166.989273,0.445572859,10.25232953,5
0,0.047381546,0,24.35033204,69.28526187,0.0580423,134.782791,0.442518865,10.25116881,5
0,0.024937656,0,25.77947722,47.30381381,0.026025378,72.42871871,0.405670765,10.1987713,5
0,0.024937656,0,31.13848174,55.84183351,0.01439389,133.4333205,0.390830445,10.16555217,5
0,0.024937656,0,27.86228641,177.5792911,0.038940719,311.5553367,0.445331693,10.28213355,5
0,0.034912718,0,20.42603183,161.2842554,0.023979986,155.6176547,0.502305751,10.54200968,5
0,0.024937656,0,25.19567482,146.1703522,0.06363805,220.9785405,0.473375135,10.30054769,5
0,0.024937656,0,22.88071858,73.46288664,0.03560369,97.54756555,0.418474956,10.22617196,5
0,0.024937656,0,25.08907778,101.9591311,0.011239687,154.6429319,0.393218932,10.178946,5
0,0.024937656,0,22.97420003,121.9159826,0.01038457,181.8122325,0.401868059,10.25767326,5
0,0.024937656,0,20.61263457,69.53048194,0.075885819,133.1697632,0.454032359,10.25861075,5
0,0.024937656,0,24.57778414,146.1900401,0.018968512,228.7508044,0.461114917,10.60686603,5
0,0.024937656,0,23.6435912,45.37273001,0.0417782,71.0992403,0.438548863,10.27230449,5
0,0.024937656,0,22.93425857,51.42930504,0.164961118,86.5869393,0.555168849,10.42286277,5
0,0.024937656,0,25.77706454,131.7753095,0.016343138,237.1413406,0.413692499,10.32268802,5
0,0.06234414,0,23.78754365,35.9167718,0.080250784,71.45660909,0.462060114,10.28504296,5
0,0.039900249,0,24.81465232,76.39246352,0.100223442,146.0254888,0.480316076,10.29774738,5
0,0.024937656,0,24.34350313,59.59254501,0.031433891,96.04628963,0.414076852,10.21743392,5
0,0.024937656,0,20.09587485,45.11860271,0.070740331,67.88436513,0.54408252,10.55426901,5
0,0.024937656,0,24.98352628,180.3150403,0.00902769,256.7984332,0.390186036,10.20192131,5
0,0.024937656,0,23.73384489,101.7356008,0.013753621,195.8441778,0.409637678,10.32880899,5
0,0.024937656,0,21.04951822,57.88795263,0.080103201,97.88024503,0.502027411,10.39103148,5
0,0.024937656,0,25.34847098,68.44453542,0.094394611,117.7658,0.466250292,10.25900348,5
0,0.024937656,0,25.47868548,82.55853801,0.023107243,126.1530438,0.401783901,10.18924705,5
0,0.024937656,0,28.14334643,195.9300787,0.061783763,389.9575202,0.463871342,10.28324733,5
0,0.024937656,0,28.02151849,166.4341424,0.023065932,339.8204165,0.421873348,10.46647879,5
0,0.024937656,0,22.57361251,83.50143128,0.094762356,110.4555288,0.531701649,10.4364995,5
0,0.024937656,0,28.56740482,40.08838288,0.025763434,84.30657061,0.40120569,10.17805208,5
0,0.024937656,0,28.39059165,206.2472131,0.050737585,358.5747164,0.464837782,10.26718545,5
0,0.024937656,0,21.26747636,99.97680829,0.011761946,157.120986,0.407076949,10.33228841,5
0,0.024937656,0,25.58614404,64.89313729,0.167836562,127.2869353,0.549301139,10.37206356,5
0,0.024937656,0,21.89360168,48.12011231,0.047426899,85.68268168,0.459093564,10.32704915,5
0,0.024937656,0,21.83367279,115.1900252,0.010731646,171.0672641,0.398130905,10.25823677,5
0,0.024937656,0,22.77570354,101.3140319,0.011486654,173.7819576,0.397039379,10.25474533,5
0,0.024937656,0,19.2979387,89.56921798,0.018098819,99.66093564,0.459936555,10.44563136,5
0,0.024937656,0,23.84781963,183.2577026,0.040890952,194.4595875,0.486801052,10.42244426,5
0,0.019950125,0,23.30092605,71.66259394,0.048216032,120.0354499,0.465556034,10.33174014,5
0,0.024937656,0,20.99433165,94.0772925,0.162889381,141.8257236,0.565207622,10.33525843,5
0,0.024937656,0,24.85269439,82.27296352,0.037740241,119.2765196,0.415965057,10.21210562,5
0,0.024937656,0,24.5018774,84.91947246,0.019088267,200.9813972,0.41137139,10.35338691,5
0,0.024937656,0,24.6833761,43.99004193,0.068290871,74.52870127,0.446735266,10.27067055,5
0,0.024937656,0,27.59434789,108.2503563,0.040310904,141.7298621,0.414716063,10.18515834,5
0,0.024937656,0,24.30944065,67.36495224,0.120860034,122.0563238,0.492232781,10.3009685,5
0,0.024937656,0,22.86763761,103.3138171,0.011629005,190.1790889,0.394069225,10.23237902,5
0,0.024937656,0,22.33455979,129.9943527,0.085683507,183.6582758,0.487742255,10.2863249,5
0,0.024937656,0,23.24067663,83.89861274,0.01402647,107.3083515,0.404128943,10.20871881,5
0,0.024937656,0,24.61988729,82.02703458,0.013740884,231.6234569,0.40624381,10.2350369,5
0,0.024937656,0,22.26244184,86.68195312,0.02469245,130.0039648,0.472035846,10.40964531,5
0,0.024937656,0,25.00622947,56.77282962,0.121989477,111.1210054,0.493727935,10.31369118,5
0,0.024937656,0,22.40014519,105.9374749,0.012342692,169.0642197,0.409535251,10.3896669,5
0,0.024937656,0,21.13634169,46.52728077,0.122750258,72.14322945,0.530942593,10.44204659,5
0,0.029925187,0,28.07065425,123.589106,0.028495596,277.8790177,0.437087249,10.33266973,5
0,0.024937656,0,21.53579378,114.980165,0.020887789,109.9791914,0.431995479,10.31186413,5
0,0.024937656,0,25.319127,40.34123259,0.091745542,81.24746552,0.462121214,10.30007648,5
0,0.024937656,0,22.35429973,48.27042621,0.036754749,92.81869694,0.433362195,10.2697646,5
0,0.024937656,0,23.21647889,65.49889613,0.114814964,100.6412669,0.518759384,10.40000444,5
0,0.024937656,0,27.14266404,93.33990859,0.093108218,155.244964,0.466633108,10.24446089,5
0,0.024937656,0,28.74458024,23.82109836,0.043498413,45.43784643,0.416030106,10.21096064,5
0,0.024937656,0,25.76586484,130.3440601,0.017180042,228.8430112,0.432790936,10.37284448,5
0,0.024937656,0,22.69098078,190.876452,0.029201431,193.6088574,0.486009061,10.45160511,5
0,0.019950125,0,23.28077055,84.98745939,0.116595823,120.7310607,0.553773943,10.45599262,5
0,0.024937656,0,21.95778366,122.3447703,0.017898954,177.4300569,0.436791959,10.60483699,5
0,0.019950125,0,22.32740643,113.6640071,0.010676039,168.322534,0.394335623,10.31852184,5
0,0.024937656,0,21.25315661,175.9939083,0.009109109,193.7912561,0.394253302,10.22523384,5
0,0.024937656,0,23.64863676,74.19649865,0.092592658,112.3015676,0.490937334,10.35267266,5
0.072319202,0.024937656,0,23.09261963,108.0172997,0.011487404,167.1733967,0.424431671,10.49964955,5
0,0.024937656,0,24.45905538,88.85586917,0.12690913,134.2844371,0.514304088,10.34833264,5
0,0.389027431,0,29.448456,183.3787703,0.151642774,437.9924279,1.787570012,11.85067545,6
0.206982544,0.017456359,0,29.03971946,150.8582368,0.070863589,415.9424035,0.617275087,10.6819507,6
0.179551122,0.024937656,0,32.61658277,213.6309664,0.145490156,575.1209198,1.351015616,11.16790914,6
0.326683292,0.024937656,0,29.6398646,185.1003016,0.078403963,460.9281983,1.021185008,10.88554473,6
0,0.244389027,0,31.00881192,197.1637259,0.140179389,556.5761509,1.103442169,11.54335377,6
0.271820449,0,0,31.76601349,212.3219208,0.043149519,498.2076736,0.669453174,10.66206266,6
0,0.281795511,0,26.96475977,161.0478608,0.067554989,414.45038,0.710314219,10.78478766,6
0,0.29925187,0,26.01326592,124.3430385,0.262369491,426.3021981,1.991917922,12.54463009,6
0.246882793,0,0,28.0794929,169.9312689,0.105509875,503.7588287,1.127443919,11.04987592,6
0.306733167,0.007481297,0,29.27174123,181.7328056,0.238749845,458.0793134,2.800203104,12.12718503,6
0.204488778,0,0,23.89561033,123.2261503,0.086402517,348.9620131,0.907437525,10.9567679,6
0.331670823,0.017456359,0,26.89514198,157.1215483,0.278534882,409.5635001,3.31672576,12.60793672,6
0.221945137,0.024937656,0,26.34708053,110.011919,0.115970961,386.6933417,0.975086017,10.9631121,6
0.19201995,0.087281796,0,24.44493095,121.5500226,0.211808601,389.5740597,2.091655711,12.1015907,6
0.21446384,0.024937656,0,32.73535995,214.786404,0.224736469,605.0768048,1.986526311,11.64362129,6
0.117206983,0.104738155,0,32.46650766,210.6596406,0.188158168,549.7969075,2.109468681,11.7971397,6
0.349127182,0.024937656,0,28.8097773,176.5901952,0.280671403,434.8679838,3.602613403,12.36266989,6
0.27680798,0.024937656,0,27.53762003,144.056025,0.213249504,500.3357151,1.832797014,11.538406,6
0.014962594,0.199501247,0,32.21726881,210.8463502,0.247756648,639.4227431,2.126558672,12.45209584,6
0.187032419,0.117206983,0,27.32105672,153.7530136,0.139841451,467.3536485,1.444099773,11.46629041,6
0.144638404,0.2319202,0,28.79234274,176.5280343,0.274993507,420.8490988,3.428528961,13.05374015,6
0.234413965,0.024937656,0,29.81576836,154.0974937,0.200575595,541.7568175,1.237348077,11.72299483,6
0.2319202,0.079800499,0,32.26570009,210.1730447,0.165946874,576.8018427,1.737165089,11.52140304,6
0.316708229,0.024937656,0,28.99766038,178.4000779,0.248974881,449.4412109,2.929370646,12.21447933,6
0,0.261845387,0,24.15050019,130.8596154,0.061019988,322.3797098,0.645252113,10.73854745,6
0.25436409,0.024937656,0,26.82349213,152.4332949,0.226580768,455.5146148,2.247232475,12.20487882,6
0,0.311720698,0,31.60421203,204.7048851,0.07478361,487.2526007,0.772797238,10.75158548,6
0.127182045,0.206982544,0,25.67581065,145.8800333,0.172673337,389.0263678,1.854948742,11.88750567,6
0.2319202,0.024937656,0,32.67436355,214.2200812,0.160762517,607.6978934,1.398741189,11.28436106,6
0.309226933,0.024937656,0,30.02509907,189.0754586,0.091199906,502.7324559,1.080805588,10.88843905,6
0.224438903,0,0,25.8610821,114.5771776,0.22056675,417.8361688,1.828723546,11.58144249,6
0.241895262,0.024937656,0,24.2303929,118.0126947,0.114147795,381.7020967,1.137665283,11.11354628,6
0.209476309,0.074812968,0,24.86504325,110.2560166,0.302571437,386.7664126,2.544431534,12.02727001,6
0.194513716,0,0,32.66782915,214.0142393,0.181926556,606.3461464,1.539516163,11.40974389,6
0.157107232,0.109725686,0,32.69071931,214.4435193,0.247506363,583.4280515,2.310380751,11.83541773,6
0.142144638,0.127182045,0,24.73429744,129.7745568,0.057632301,366.5343252,0.681211814,10.6935014,6
0,0.284289277,0,28.1390725,171.2353213,0.103954601,451.759406,1.119018108,11.17480075,6
0,0.256857855,0,29.88558534,148.008575,0.198231007,475.13708,1.280123004,12.01406963,6
0.072319202,0.194513716,0,26.84098351,154.3563297,0.091860108,399.2485109,0.868234693,11.09919504,6
0.286783042,0.024937656,0,27.27366723,116.7447146,0.280884418,443.936299,2.219828397,12.31818366,6
0.179551122,0.087281796,0,24.00097415,123.7936312,0.109726469,335.5618347,1.091986271,11.19872334,6
0.269326683,0,0,26.29399411,120.2413991,0.240909195,431.4280104,2.083115658,11.83762306,6
0,0.291770574,0,32.70504432,214.6599295,0.203988309,615.9357976,1.615609037,11.98806266,6
0.16957606,0.122194514,0,25.40548387,133.6995001,0.221813278,393.9809547,2.357897359,11.98333998,6
0,0.364089776,0,29.08002303,179.7674674,0.147166584,430.9248178,1.71545403,11.72383342,6
0.311720698,0,0,26.97726976,156.8233898,0.212781903,403.3272527,2.61490945,12.04184961,6
0.201995012,0.112219451,0,30.68275912,195.0389628,0.093997849,523.9124038,1.112022065,11.01133912,6
0.256857855,0.024937656,0,32.70057725,214.3768934,0.188734847,653.9937217,1.711195881,11.5237216,6
0.124688279,0.144638404,0,28.85817074,178.0786382,0.123996769,439.7409527,1.473774146,11.2670057,6
0,0.289276808,0,31.79538164,205.1704577,0.137212455,547.59657,1.216799416,11.56745257,6
0.206982544,0.024937656,0,29.14905515,183.4768325,0.038970928,477.0926633,0.549120004,10.4857595,6
0.194513716,0.102244389,0,31.71611044,205.1426461,0.16543878,518.6953397,2.013023664,11.37161436,6
0,0.311720698,0,24.56671375,121.210338,0.255512071,378.7202364,2.311119903,13.08902737,6
0,0.174563591,0,26.71103235,145.7555805,0.055268068,440.8220913,0.562307193,10.56826652,6
0.099750623,0.204488778,0,25.37889708,134.5093262,0.139435691,353.870879,1.391734399,11.60866227,6
0.089775561,0.199501247,0,26.93759835,150.5957203,0.236077747,399.7620397,2.401467048,12.68619725,6
0,0.274314214,0,25.79576542,124.1928053,0.10211329,417.1871443,0.743732404,11.07869216,6
0,0.271820449,0,32.00663157,161.8597981,0.153131056,588.9154758,1.250441559,12.05679675,6
0,0.286783042,0,32.46707484,212.5052532,0.122160109,595.2691243,0.935811677,11.27977194,6
0.291770574,0.024937656,0,31.9458195,207.5142536,0.26385054,571.8557619,2.763661048,12.20719704,6
0.194513716,0.194513716,0,30.24377925,191.7086465,0.267033478,506.0834367,3.043808596,12.34420508,6
0.291770574,0.024937656,0,28.50444954,124.1659501,0.291497926,479.5329855,2.316728846,12.48615608,6
0.284289277,0.017456359,0,26.98886121,158.1946724,0.275822529,414.6550214,3.180383532,12.3695104,6
0.134663342,0.069825436,0,25.5828738,135.4099644,0.169904654,371.8801567,1.753664649,11.50854606,6
0.224438903,0.119700748,0,32.57097425,213.0974572,0.166285035,586.0637576,1.79642711,11.30859967,6
0.159600998,0.102244389,0,26.67250241,146.8432283,0.292777266,400.5177525,3.071352489,12.4189906,6
0.27680798,0.024937656,0,27.39596971,154.1218552,0.192669549,479.4210613,1.826108584,11.72804976,6
0,0.319201995,0,26.25814678,151.5867798,0.127330779,401.7364579,1.291767572,11.5918869,6
0,0.274314214,0,32.58905814,213.6523217,0.14610869,650.4131816,1.153588781,11.40702304,6
0,0,0,28.84902608,180.2925764,0.029780789,417.9818267,0.453318446,10.34438472,6
0.174563591,0.14713217,0,25.20203735,130.4622197,0.273250499,414.8909043,2.631417151,12.74610668,6
0,0.241895262,0,32.32543175,211.5087628,0.089349283,596.1531678,0.727155728,10.8919533,6
0,0.269326683,0,27.77105328,117.5471809,0.103012655,321.4451737,0.692579723,11.17613833,6
0.027431421,0.246882793,0,28.77338999,177.2612737,0.122641951,450.1729646,1.321632023,11.40851194,6
0.209476309,0.074812968,0,27.33678312,155.6735896,0.172406711,505.6057131,1.643989807,11.66351343,6
0.16957606,0.12967581,0,31.46511289,202.8254449,0.150532562,512.4177395,1.55583928,11.32234562,6
0,0.306733167,0,28.85203666,135.8465603,0.162952812,407.1150974,1.028261452,11.7348373,6
0,0.274314214,0,24.75684076,111.16016,0.094727676,326.2958865,0.711740996,10.93070731,6
0.102244389,0.172069825,0,25.70561381,144.8396095,0.088891729,370.8364713,0.817903479,11.06121133,6
0,0.294264339,0,28.15259467,120.5846753,0.160109699,391.3963651,1.025416856,11.810491,6
0.244389027,0.024937656,0,24.18293324,121.0735588,0.123481356,348.5396502,1.266103567,11.30694374,6
0,0.291770574,0,31.05292839,199.8962127,0.059893524,463.5247803,0.56131395,10.71224281,6
0,0.239401496,0,29.66599129,187.5467316,0.047733159,409.0858582,0.574204737,10.59936244,6
0.291770574,0.024937656,0,27.42337739,162.9575102,0.143744501,423.8883037,1.74201657,11.48814795,6
0.256857855,0,0,29.12745344,137.9567648,0.349285027,510.4157069,2.471808631,13.00564001,6
0,0.259351621,0,31.83566858,207.2031784,0.068238477,480.5926862,0.6721293,10.73674741,6
0.064837905,0.274314214,0,32.50199614,212.6582485,0.177532217,542.1691999,1.808370426,11.87083272,6
0,0.209476309,0,26.35572491,158.2750364,0.031578438,343.4539998,0.465363722,10.43485667,6
0.164588529,0.087281796,0,30.00058416,190.1073193,0.18908722,516.2274375,1.901423118,11.72413426,6
0,0.296758105,0,32.73741376,214.9101533,0.253805423,625.675261,2.144289874,12.50013449,6
0,0.371571072,0,30.59321464,194.6647057,0.131572059,471.1214927,1.458114902,11.53711297,6
0,0.221945137,0,24.16226331,111.7885957,0.044083994,270.0805879,0.477681802,10.45066317,6
0.179551122,0.124688279,0,32.087266,208.3382725,0.194918666,608.8387712,1.882639139,11.56948986,6
0.12967581,0,0,30.52559964,195.9474828,0.039549787,467.6175713,0.516928663,10.41377658,6
0,0.329177057,0,29.01256306,179.2080274,0.121113165,431.5907132,1.376423616,11.45335605,6
0.172069825,0.02244389,0,29.92711141,188.9704542,0.042209131,453.1189559,0.540410109,10.46357567,6
0,0.264339152,0,31.12249902,199.8466643,0.087434512,482.806661,0.962763115,10.84673453,6
0.284289277,0.02244389,0,32.54081014,212.8014001,0.124044219,582.5345993,1.28755911,11.13114696,6
0,0.336658354,0,30.60723953,196.1325349,0.049560989,465.3547054,0.6026273,10.56801961,6
0.284289277,0.024937656,0,32.72566724,214.5905555,0.205600281,601.8068431,1.970522891,11.65075585,6
